Title,Subtitle,Rating,Link,Image
#000000 - Ultra Black,Vol.01 Ch.021,4.8,https://www.mangahere.cc/manga/000000_ultra_black/,https://fmcdn.mangahere.com/store/manga/5710/cover.jpg?token=3e0202ae75df2adf17c6f869062ee95d6ea3eee6&ttl=1692748800&v=1643927223
007 Series,Ch.065,5.0,https://www.mangahere.cc/manga/007_series/,https://fmcdn.mangahere.com/store/manga/25205/cover.jpg?token=e80a75393abed49729652062d87121abc011ca59&ttl=1692748800&v=1692331389
009 RE:CYBORG,Ch.035,4.91,https://www.mangahere.cc/manga/009_re_cyborg/,https://fmcdn.mangahere.com/store/manga/11992/cover.jpg?token=04dc7a5764ac7a2c5c1753aa3b200240be0995af&ttl=1692748800&v=1452137241
01 Monkey,Vol.01 Ch.026,0.0,https://www.mangahere.cc/manga/01_monkey/,https://fmcdn.mangahere.com/store/manga/4318/cover.jpg?token=6194daac421852b90a8acdfefb01ccc4ea88b046&ttl=1692748800&v=1669240272
07 Ghost,Ch.100,4.94,https://www.mangahere.cc/manga/07_ghost/,https://fmcdn.mangahere.com/store/manga/407/cover.jpg?token=379ed164f158acf0511953def84774c33dcbef8d&ttl=1692748800&v=1644029872
08:05 no Hengao-san,Ch.001,4.69,https://www.mangahere.cc/manga/08_05_no_hengao_san/,https://fmcdn.mangahere.com/store/manga/14455/cover.jpg?token=d5fea671ce827a819e159e1423f3d5370b5eb7f6&ttl=1692748800&v=1392946795
090 ~Eko to Issho~,Vol.04 Ch.060.5,4.75,https://www.mangahere.cc/manga/090_eko_to_issho/,https://fmcdn.mangahere.com/store/manga/408/cover.jpg?token=1e66f9666347f43381059706713af1d1820c3dfe&ttl=1692748800&v=1653059823
0×0 Memories,Vol.01 Ch.001,4.62,https://www.mangahere.cc/manga/0_0_memories/,https://fmcdn.mangahere.com/store/manga/4919/cover.jpg?token=25e4cd1ac064f349ffb7c9f335d75104d9caa51c&ttl=1692748800&v=1692662408
0.0 Mhz,Ch.020,4.58,https://www.mangahere.cc/manga/0_0_mhz/,https://fmcdn.mangahere.com/store/manga/14792/cover.jpg?token=b736e1d90013c4729ef93348df3c9a4047290c8b&ttl=1692748800&v=1561111626
0/6,Vol.05 Ch.021,4.1,https://www.mangahere.cc/manga/0_6/,https://fmcdn.mangahere.com/store/manga/2010/cover.jpg?token=eff6c072ea40212e4258de46a475c3698b3fdd0b&ttl=1692748800&v=1310096189
0 C no Mahou,Ch.001,5.0,https://www.mangahere.cc/manga/0_c_no_mahou/,https://fmcdn.mangahere.com/store/manga/31163/cover.jpg?token=3797b98b6f4edeb0de74486c233f84ebb0723339&ttl=1692748800&v=1544777119
0 kara Hajimeru Manga Kyoushitsu,Ch.008,4.14,https://www.mangahere.cc/manga/0_kara_hajimeru_manga_kyoushitsu/,https://fmcdn.mangahere.com/store/manga/11533/cover.jpg?token=fdb993c8e49d37771fb46f5369cff41bb94048d4&ttl=1692748800&v=1345525976
0 no Soukoushi,Vol.01 Ch.003,4.29,https://www.mangahere.cc/manga/0_no_soukoushi/,https://fmcdn.mangahere.com/store/manga/2343/cover.jpg?token=5316bfd53ffdd259c183a9a23fc1cee03aab9897&ttl=1692748800&v=1266530959
0-noushiya Minato,Ch.006,4.82,https://www.mangahere.cc/manga/0_noushiya_minato/,https://fmcdn.mangahere.com/store/manga/15221/cover.jpg?token=61cd87f435fdc730f3e2418ac10777886148b48e&ttl=1692748800&v=1544773396
0 -zero-,Ch.004,4.38,https://www.mangahere.cc/manga/0_zero/,https://fmcdn.mangahere.com/store/manga/27215/cover.jpg?token=944a2c846eac00495fc7e1664826292ce6377060&ttl=1692748800&v=1585557997
$10,Vol.01 Ch.008,0.0,https://www.mangahere.cc/manga/10/,https://fmcdn.mangahere.com/store/manga/1242/cover.jpg?token=23b89f7b0148308baa95a9d1ee9b2fa3ce69aaab&ttl=1692748800&v=1419689826
10000-nichi no 7,Ch.001,4.0,https://www.mangahere.cc/manga/10000_nichi_no_7/,https://fmcdn.mangahere.com/store/manga/20213/cover.jpg?token=ea3ec7e67cc005ac98fbcbf18549b6feec11b05b&ttl=1692748800&v=1449562322
1000 Yen Hero,Ch.079,5.0,https://www.mangahere.cc/manga/1000_yen_hero/,https://fmcdn.mangahere.com/store/manga/31173/cover.jpg?token=a50f15a7f8d521bc3c11affb28dbe6a1b776a16f&ttl=1692748800&v=1678378034
1001 Knights,Ch.028,4.86,https://www.mangahere.cc/manga/1001_knights/,https://fmcdn.mangahere.com/store/manga/11420/cover.jpg?token=bae3c83b055401c5721810bad3c0f141c3d41f1f&ttl=1692748800&v=1582032077
"100,000 Levels of Body Refining: All the Dogs I Raise Are the Emperor",Ch.989,0.0,https://www.mangahere.cc/manga/100_000_levels_of_body_refining_all_the_dogs_i_raise_are_the_emperor/,https://fmcdn.mangahere.com/store/manga/40365/cover.jpg?token=7ad15fadd18547576c640dc5024b8f5a0dd5084b&ttl=1692748800&v=1691410202
100 (Choi Yun-yeol),Ch.050,0.0,https://www.mangahere.cc/manga/100_choi_yun_yeol/,https://fmcdn.mangahere.com/store/manga/42966/cover.jpg?token=95f7b56a71500232dfc96eb14f6dbcef1060fffa&ttl=1692748800&v=1671984813
100 Days Dream,Vol.01 Ch.000,4.29,https://www.mangahere.cc/manga/100_days_dream/,https://fmcdn.mangahere.com/store/manga/1446/cover.jpg?token=035a2615f2802978580562cf50d596c8c6bd0283&ttl=1692748800&v=1386208810
100% Gokuama Kareshi!,Ch.007,4.52,https://www.mangahere.cc/manga/100_gokuama_kareshi/,https://fmcdn.mangahere.com/store/manga/11684/cover.jpg?token=1683cdbc81a65b12853fe08ed34d199e25caa92e&ttl=1692748800&v=1680485530
100 - Handred,Ch.039,4.77,https://www.mangahere.cc/manga/100_handred/,https://fmcdn.mangahere.com/store/manga/15387/cover.jpg?token=52bb57afadaf954f736f6eb2f77436fadd10a102&ttl=1692748800&v=1665295023
$100 is Too Cheap,Vol.01 Ch.000,4.8,https://www.mangahere.cc/manga/100_is_too_cheap/,https://fmcdn.mangahere.com/store/manga/6217/cover.jpg?token=eee86a9b3e929c897142005720c138332686208a&ttl=1692748800&v=1477877248
100-man Doll no Mahoutsukai,Ch.015,0.0,https://www.mangahere.cc/manga/100_man_doll_no_mahoutsukai/,https://fmcdn.mangahere.com/store/manga/36823/cover.jpg?token=5020331ed1d0601810ef934fcef8139e9a299560&ttl=1692748800&v=1670469501
100-man no Inochi no Ue ni Ore wa Tatte Iru,Ch.084,4.88,https://www.mangahere.cc/manga/100_man_no_inochi_no_ue_ni_ore_wa_tatte_iru/,https://fmcdn.mangahere.com/store/manga/23821/cover.jpg?token=fa41febb4e33339559867cddc802254aa0dc5826&ttl=1692748800&v=1686622330
100-man Volt no Kanojo,Ch.008,4.5,https://www.mangahere.cc/manga/100_man_volt_no_kanojo/,https://fmcdn.mangahere.com/store/manga/16719/cover.jpg?token=9d20959e549bc073175d7d73c7c4e6f464f656ae&ttl=1692748800&v=1429841479
100-mankai no Suki o Ageru,Ch.007,0.0,https://www.mangahere.cc/manga/100_mankai_no_suki_o_ageru/,https://fmcdn.mangahere.com/store/manga/32949/cover.jpg?token=64251a2ef735686d2d4c8a84089488d0fa261168&ttl=1692748800&v=1606856225
100-nichi-go ni Yameru Ekiin-san,Ch.101,0.0,https://www.mangahere.cc/manga/100_nichi_go_ni_yameru_ekiin_san/,https://fmcdn.mangahere.com/store/manga/35509/cover.jpg?token=a0f21a3070bd957d58a70ceaa73564fb1aa758cb&ttl=1692748800&v=1600141155
100-nichigo ni Kekkon suru Futari,Ch.100,0.0,https://www.mangahere.cc/manga/100_nichigo_ni_kekkon_suru_futari/,https://fmcdn.mangahere.com/store/manga/34730/cover.jpg?token=a4669607f0dd7430cac581e873d159f98b73f4af&ttl=1692748800&v=1593503005
100 Nichigo ni Kuufuku de Taore Maid ni Naru Onna no Ko,Ch.079,0.0,https://www.mangahere.cc/manga/100_nichigo_ni_kuufuku_de_taore_maid_ni_naru_onna_no_ko/,https://fmcdn.mangahere.com/store/manga/34915/cover.jpg?token=94681e513e3ddb50a9a223961cff3cb7e3b9777a&ttl=1692748800&v=1609742554
100-nichigo ni Otaku-kun to Tsukiau Gal,Ch.139,0.0,https://www.mangahere.cc/manga/100_nichigo_ni_otaku_kun_to_tsukiau_gal/,https://fmcdn.mangahere.com/store/manga/34454/cover.jpg?token=e04e08cf258bf6270713f3ce0609bf973a161583&ttl=1692748800&v=1642883233
"100-nin no Eiyuu o Sodateta Saikyou Yogensha wa, Boukensha ni Natte mo Sekaijuu no Deshi kara Shitawarete Masu",Ch.045,0.0,https://www.mangahere.cc/manga/100_nin_no_eiyuu_o_sodateta_saikyou_yogensha_wa_boukensha_ni_natte_mo_sekaijuu_no_deshi_kara_shitawa/,https://fmcdn.mangahere.com/store/manga/33170/cover.jpg?token=bcb5098d581719463aaae1ad5fbf45ad9209f68c&ttl=1692748800&v=1656439923
100% no Kimi e,Vol.02 Ch.008,4.79,https://www.mangahere.cc/manga/100_no_kimi_e/,https://fmcdn.mangahere.com/store/manga/3856/cover.jpg?token=a1e520b0d241da38ca262f6632f8e888773197c2&ttl=1692748800&v=1545721610
100% Perfect Girl,Vol.11 Ch.082,4.78,https://www.mangahere.cc/manga/100_perfect_girl/,https://fmcdn.mangahere.com/store/manga/954/cover.jpg?token=51aff2b17362c6a3928d6ba3c68b01a183f04aa9&ttl=1692748800&v=1429782043
100 Strange Nights,Ch.023,0.0,https://www.mangahere.cc/manga/100_strange_nights/,https://fmcdn.mangahere.com/store/manga/31407/cover.jpg?token=6dd39d59f1661ad0749dd79d20dad314aeb110e6&ttl=1692748800&v=1625984223
100% Sweet Love: The Delinquent XXX Wife Is a Bit Sweet (Novel),Ch.409,0.0,https://www.mangahere.cc/manga/100_sweet_love_the_delinquent_xxx_wife_is_a_bit_sweet_novel/,https://fmcdn.mangahere.com/store/manga/34280/cover.jpg?token=9dd28f2ad8489259ae49ee5c486a28504e39d37f&ttl=1692748800&v=1687164155
100 Ways of an Exorcist,Ch.023,4.35,https://www.mangahere.cc/manga/100_ways_of_an_exorcist/,https://fmcdn.mangahere.com/store/manga/271/cover.jpg?token=612129536549ea904d825111babf8efff167b231&ttl=1692748800&v=1401177955
100 Ways to Heal a Psychopath,Ch.049,0.0,https://www.mangahere.cc/manga/100_ways_to_heal_a_psychopath/,https://fmcdn.mangahere.com/store/manga/35219/cover.jpg?token=0e26028f40e638bfc9ae6949051ae31f01bc5b4b&ttl=1692748800&v=1689435136
100 Ways to Kill A Seal,Ch.011,4.67,https://www.mangahere.cc/manga/100_ways_to_kill_a_seal/,https://fmcdn.mangahere.com/store/manga/25815/cover.jpg?token=b8b32f20c03f98da2837d6f26fdb5773ebbcd3f6&ttl=1692748800&v=1601364203
101 Ways to Flirt With Her,Ch.036,0.0,https://www.mangahere.cc/manga/101_ways_to_flirt_with_her/,https://fmcdn.mangahere.com/store/manga/39909/cover.jpg?token=f588a85c38f78ea60dc492e1cdb74bfaa8e5e478&ttl=1692748800&v=1633850532
101st Female Protagonist,Ch.071,0.0,https://www.mangahere.cc/manga/101st_female_protagonist/,https://fmcdn.mangahere.com/store/manga/33341/cover.jpg?token=3171457bda0469297a67f15a25da0d9a1bc7e63f&ttl=1692748800&v=1655897870
105 Goushitsuji no Inu,Ch.003,4.78,https://www.mangahere.cc/manga/105_goushitsuji_no_inu/,https://fmcdn.mangahere.com/store/manga/10553/cover.jpg?token=807df8abe7d27e386f0b545300665e4df938e639&ttl=1692748800&v=1422264327
"108-kai Korosareta Akuyaku Reijou: Subete wo Omoidashita no de, Otome wa Ruby de Kiseki shimasu",Ch.090,0.0,https://www.mangahere.cc/manga/108_kai_korosareta_akuyaku_reijou_subete_wo_omoidashita_no_de_otome_wa_ruby_de_kiseki_shimasu/,https://fmcdn.mangahere.com/store/manga/37006/cover.jpg?token=483ee3b0b31591ed26ff6555afe927d7280fd324&ttl=1692748800&v=1692065534
10 Dance,Ch.034,4.87,https://www.mangahere.cc/manga/10_dance/,https://fmcdn.mangahere.com/store/manga/11098/cover.jpg?token=f926ad731b33cf4ae2a83fbbb554961821e19fa1&ttl=1692748800&v=1651265266
10-manbun no 1,Ch.025.5,4.42,https://www.mangahere.cc/manga/10_manbun_no_1/,https://fmcdn.mangahere.com/store/manga/25735/cover.jpg?token=7f862f8f366aae3884e11fa7025ca54b08757f7f&ttl=1692748800&v=1566388272
10th -You and I Fell in Love With the Same Person,Ch.014,0.0,https://www.mangahere.cc/manga/10th_you_and_i_fell_in_love_with_the_same_person/,https://fmcdn.mangahere.com/store/manga/35025/cover.jpg?token=3e6faf35722944abb0afa55a69522fafe7011a5d&ttl=1692748800&v=1599256925
110-Ban wa Uketsukemasen!,Ch.005,4.81,https://www.mangahere.cc/manga/110_ban_wa_uketsukemasen/,https://fmcdn.mangahere.com/store/manga/13662/cover.jpg?token=46df6734789a9bbf20231933de45ee0d81704614&ttl=1692748800&v=1410342472
111,Ch.001,0.0,https://www.mangahere.cc/manga/111/,https://static.mangahere.cc/v202101061/mangahere/images/nopicture.jpg
1111 Animals,Ch.110,3.0,https://www.mangahere.cc/manga/1111_animals/,https://fmcdn.mangahere.com/store/manga/17549/cover.jpg?token=98581657f7008bcd6a998e306c02f20ff7e29552&ttl=1692748800&v=1500178927
1122,Ch.031,0.0,https://www.mangahere.cc/manga/1122/,https://fmcdn.mangahere.com/store/manga/37472/cover.jpg?token=4ad3d2dfdb652852d301ddede78977d33fca5761&ttl=1692748800&v=1622134623
11:59,Ch.004,0.0,https://www.mangahere.cc/manga/11_59/,https://fmcdn.mangahere.com/store/manga/32223/cover.jpg?token=ab1c4ded6557d08259c22cb3c18744d02acc49ec&ttl=1692748800&v=1558422632
11 eyes,Vol.03 Ch.129,4.74,https://www.mangahere.cc/manga/11_eyes/,https://fmcdn.mangahere.com/store/manga/7720/cover.jpg?token=c26e8a0c46ee803e41e7d99b12c6121406ccfed1&ttl=1692748800&v=1652436132
11 Eyess,Ch.000,0.0,https://www.mangahere.cc/manga/11_eyess/,https://fmcdn.mangahere.com/store/manga/8619/cover.jpg?token=8137f863412a79e5d60793bcd0c490c620e963ce&ttl=1692748800&v=1558679867
11-nin Iru!,Ch.004,5.0,https://www.mangahere.cc/manga/11_nin_iru/,https://fmcdn.mangahere.com/store/manga/30957/cover.jpg?token=a8eabd758125686daaeaed79af55ace22e029002&ttl=1692748800&v=1584435050
11me,Ch.008,0.0,https://www.mangahere.cc/manga/11me/,https://fmcdn.mangahere.com/store/manga/37159/cover.jpg?token=de1f0e75b6e4166cae564ddfcf1fc955718b889e&ttl=1692748800&v=1604320536
11th Cat,Vol.05 Ch.000,4.2,https://www.mangahere.cc/manga/11th_cat/,https://fmcdn.mangahere.com/store/manga/947/cover.jpg?token=159d2fe11a484f3e45b0d348daf9afb30292e929&ttl=1692748800&v=1290585266
1232,Ch.010,0.0,https://www.mangahere.cc/manga/1232/,https://fmcdn.mangahere.com/store/manga/37316/cover.jpg?token=784c736583e1b35828cecaa5796eacc545869044&ttl=1692748800&v=1612181264
12 Beast,Ch.034,4.92,https://www.mangahere.cc/manga/12_beast/,https://fmcdn.mangahere.com/store/manga/12495/cover.jpg?token=fb3875d8260636260a643bb46a61955874426d5b&ttl=1692748800&v=1649870273
12 Days Before Graduation,Ch.001.2,3.2,https://www.mangahere.cc/manga/12_days_before_graduation/,https://fmcdn.mangahere.com/store/manga/13725/cover.jpg?token=1ec80189783c83c75f946a3b483d95b832b3eedf&ttl=1692748800&v=1399089421
12-ji Kara Hajimaru,Ch.006.6,4.68,https://www.mangahere.cc/manga/12_ji_kara_hajimaru/,https://fmcdn.mangahere.com/store/manga/19351/cover.jpg?token=d75b0d92cd57ca5e82fee9e4062f82f48a94e446&ttl=1692748800&v=1660297947
12-ji no Kane ga Naru,Ch.013,0.0,https://www.mangahere.cc/manga/12_ji_no_kane_ga_naru/,https://fmcdn.mangahere.com/store/manga/35940/cover.jpg?token=ca06026cb944e9ade812e7be659ca9f16f6a4da5&ttl=1692748800&v=1604147237
12 Kagetsu,Ch.008,4.56,https://www.mangahere.cc/manga/12_kagetsu/,https://fmcdn.mangahere.com/store/manga/9296/cover.jpg?token=417df2dec4144d7a96ff46a58a74f442114ba822&ttl=1692748800&v=1488168481
12 Love,Ch.003.5,4.83,https://www.mangahere.cc/manga/12_love/,https://static.mangahere.cc/v202101061/mangahere/images/nopicture.jpg
12 Nin No Yasashii Koroshiya,Ch.008,4.8,https://www.mangahere.cc/manga/12_nin_no_yasashii_koroshiya/,https://static.mangahere.cc/v202101061/mangahere/images/nopicture.jpg
12 Nin no Yasashii Koroshiya - Leo Murder Case,Vol.02 Ch.010.5,4.88,https://www.mangahere.cc/manga/12_nin_no_yasashii_koroshiya_leo_murder_case/,https://fmcdn.mangahere.com/store/manga/6167/cover.jpg?token=d9672deff148ed50d9c2d8c0e664b33e0bb8baed&ttl=1692748800&v=1585813966
12 O'Clock Bell Rings,Ch.093,4.47,https://www.mangahere.cc/manga/12_o_clock_bell_rings/,https://fmcdn.mangahere.com/store/manga/9466/cover.jpg?token=0ec06523a68eb9876359d058553a1e3451344f0b&ttl=1692748800&v=1689630433
12 Prince,Ch.078,0.0,https://www.mangahere.cc/manga/12_prince/,https://static.mangahere.cc/v202101061/mangahere/images/nopicture.jpg
12 Renkyuu,Ch.012.5,0.0,https://www.mangahere.cc/manga/12_renkyuu/,https://fmcdn.mangahere.com/store/manga/33653/cover.jpg?token=3f030bebe2e91d9484c57f34bff097d28fff5b75&ttl=1692748800&v=1575258604
12 Seiza Danshi,Ch.005,4.0,https://www.mangahere.cc/manga/12_seiza_danshi/,https://fmcdn.mangahere.com/store/manga/29087/cover.jpg?token=74391b928ffa2bd1d8a82601cd3c76337ad5f2ae&ttl=1692748800&v=1519542871
12 Zodiac Boys,Ch.006,5.0,https://www.mangahere.cc/manga/12_zodiac_boys/,https://fmcdn.mangahere.com/store/manga/29239/cover.jpg?token=1618348b9828a16a2e7711e9fe6560a98cc9721b&ttl=1692748800&v=1521979088
13,Vol.01 Ch.001,4.55,https://www.mangahere.cc/manga/13/,https://fmcdn.mangahere.com/store/manga/1987/cover.jpg?token=30b6ccde2eda675e9156ffd06a863db22028a704&ttl=1692748800&v=1240205941
1305,Ch.042,5.0,https://www.mangahere.cc/manga/1305/,https://fmcdn.mangahere.com/store/manga/30918/cover.jpg?token=35aa496b204cda695363f127d16905521855da9f&ttl=1692748800&v=1684123701
138°E,Ch.004,3.4,https://www.mangahere.cc/manga/138_e/,https://fmcdn.mangahere.com/store/manga/19489/cover.jpg?token=83042904e0d5f89667492bc419b3da443588b22a&ttl=1692748800&v=1530761567
13 Club,Vol.01 Ch.013,4.5,https://www.mangahere.cc/manga/13_club/,https://fmcdn.mangahere.com/store/manga/7772/cover.jpg?token=01de15eac9762fd54ee338ef455671b1d26065c8&ttl=1692748800&v=1369027856
13 Game,Ch.002,4.87,https://www.mangahere.cc/manga/13_game/,https://fmcdn.mangahere.com/store/manga/11115/cover.jpg?token=a3b131aba5b860cb12d4974a7ed8fefdb2f869f5&ttl=1692748800&v=1515028414
13-nin no Short Suspense & Horror,Ch.014,4.19,https://www.mangahere.cc/manga/13_nin_no_short_suspense_horror/,https://fmcdn.mangahere.com/store/manga/14516/cover.jpg?token=8677b3f93be8398ec62778dfc7815bc447d51387&ttl=1692748800&v=1442563236
13 Romantica,Ch.005,0.0,https://www.mangahere.cc/manga/13_romantica/,https://static.mangahere.cc/v202101061/mangahere/images/nopicture.jpg
13nichi wa Kin'youbi?,Vol.01 Ch.006,4.3,https://www.mangahere.cc/manga/13nichi_wa_kin_youbi/,https://fmcdn.mangahere.com/store/manga/948/cover.jpg?token=b23dc409cbc359a29514b19b22c09bdb3c3fc113&ttl=1692748800&v=1273271939
13th Boy,Ch.004,4.66,https://www.mangahere.cc/manga/13th_boy/,https://fmcdn.mangahere.com/store/manga/6454/cover.jpg?token=9702c80ef5657a3a136493426cb097c206a70355&ttl=1692748800&v=1317108020
141108,Ch.001,5.0,https://www.mangahere.cc/manga/141108/,https://fmcdn.mangahere.com/store/manga/27243/cover.jpg?token=863c69e57f31f44dc00d700033a694665efd3a37&ttl=1692748800&v=1494490322
14 Juicy,Vol.01 Ch.034.5,4.44,https://www.mangahere.cc/manga/14_juicy/,https://fmcdn.mangahere.com/store/manga/5837/cover.jpg?token=2ae577b1bb0635b206fb332d53dfaa0ea2227337&ttl=1692748800&v=1691370431
14 Sai No Koi,Vol.02 Ch.051.5,4.81,https://www.mangahere.cc/manga/14_sai_no_koi/,https://fmcdn.mangahere.com/store/manga/10059/cover.jpg?token=ebf308cb41a4434fd10a8106c5a5fe64317b5fc8&ttl=1692748800&v=1645301876
14R,Vol.01 Ch.005,4.55,https://www.mangahere.cc/manga/14r/,https://fmcdn.mangahere.com/store/manga/7182/cover.jpg?token=1e2b642e1143eb9db777dcf74c54c7541f860198&ttl=1692748800&v=1440575884
1518!,Ch.013,0.0,https://www.mangahere.cc/manga/1518/,https://fmcdn.mangahere.com/store/manga/31710/cover.jpg?token=c2d5b8c32406924e860f7ef1a9cb4339e61eb553&ttl=1692748800&v=1655383544
152-senchi 62-kiro no Koibito,Ch.001,0.0,https://www.mangahere.cc/manga/152_senchi_62_kiro_no_koibito/,https://fmcdn.mangahere.com/store/manga/39036/cover.jpg?token=c48cae4eb2fce3f84366a083e5387ccde12a8112&ttl=1692748800&v=1615195038
15: Meisetsu Industrial High School Rugby Football Club,Ch.012.5,5.0,https://www.mangahere.cc/manga/15_meisetsu_industrial_high_school_rugby_football_club/,https://fmcdn.mangahere.com/store/manga/7953/cover.jpg?token=c53d450787f9709650464fb85e6b8df220fe741f&ttl=1692748800&v=1690102687
15: Meisetsu Kougyou Koukou Rugby Bu,Vol.02 Ch.014,4.9,https://www.mangahere.cc/manga/15_meisetsu_kougyou_koukou_rugby_bu/,https://fmcdn.mangahere.com/store/manga/7952/cover.jpg?token=475ab8cb908ffcc7a80125618527f95230200a90&ttl=1692748800&v=1385968580
15-sai (ASAGI Ryuu),Ch.020,4.61,https://www.mangahere.cc/manga/15_sai_asagi_ryuu/,https://fmcdn.mangahere.com/store/manga/17947/cover.jpg?token=d394de66196cc0d8e1e37fb505b3d09e3aead71b&ttl=1692748800&v=1584650882
15Y+,Ch.020,4.6,https://www.mangahere.cc/manga/15y/,https://fmcdn.mangahere.com/store/manga/24323/cover.jpg?token=5192c2791ccff731f2cc3a77a4165750ab155c2c&ttl=1692748800&v=1648274797
16 Engage,Vol.01 Ch.004,4.57,https://www.mangahere.cc/manga/16_engage/,https://fmcdn.mangahere.com/store/manga/949/cover.jpg?token=2173a220074b93b09f7396241c74376b1754e92d&ttl=1692748800&v=1271211770
16 Life,Vol.02 Ch.011,4.74,https://www.mangahere.cc/manga/16_life/,https://fmcdn.mangahere.com/store/manga/7313/cover.jpg?token=aabcd78ea26243294803d89302ee920f27162d14&ttl=1692748800&v=1462530284
"16-sai, Shinkon Hajimemashita.",Ch.015,4.58,https://www.mangahere.cc/manga/16_sai_shinkon_hajimemashita/,https://fmcdn.mangahere.com/store/manga/15136/cover.jpg?token=8023c549992e9c89ac52d18080b8509a0ad5138f&ttl=1692748800&v=1629112634
17 Guyz,Vol.01 Ch.123,4.14,https://www.mangahere.cc/manga/17_guyz/,https://fmcdn.mangahere.com/store/manga/2135/cover.jpg?token=cfa3f962e0abb8cfb6ff80d2f4ae8656c8909561&ttl=1692748800&v=1658194769
17 O'Clocks,Ch.001,3.9,https://www.mangahere.cc/manga/17_o_clocks/,https://fmcdn.mangahere.com/store/manga/10363/cover.jpg?token=d57d39f26bf9bed88eb4782e7bc774cb75122375&ttl=1692748800&v=1325123233
17-Sai,Vol.02 Ch.026,5.0,https://www.mangahere.cc/manga/17_sai/,https://fmcdn.mangahere.com/store/manga/7002/cover.jpg?token=4c7dfae2c727872404aad583ecca4767e04f16e7&ttl=1692748800&v=1416616621
17-sai Degrees Celsius,Ch.005,4.55,https://www.mangahere.cc/manga/17_sai_degrees_celsius/,https://fmcdn.mangahere.com/store/manga/12528/cover.jpg?token=3662af0e1c5a78e4d6ce9bf4f70ed480a206f4f1&ttl=1692748800&v=1399425850
17-sai Hajimete no H,Vol.01 Ch.007,4.45,https://www.mangahere.cc/manga/17_sai_hajimete_no_h/,https://fmcdn.mangahere.com/store/manga/950/cover.jpg?token=955dc5a6f9d30433d161e8bf8f60e8a7006e82a2&ttl=1692748800&v=1291173160
17 Sai (Kamata Youji),Ch.035,4.26,https://www.mangahere.cc/manga/17_sai_kamata_youji/,https://fmcdn.mangahere.com/store/manga/9164/cover.jpg?token=df3fc65c31d46e2cb82c1810004790b34f8c9939&ttl=1692748800&v=1389317226
"17-sai, Kiss to Dilemma",Ch.020.3,4.86,https://www.mangahere.cc/manga/17_sai_kiss_to_dilemma/,https://fmcdn.mangahere.com/store/manga/12500/cover.jpg?token=cbd67003826556ef8f192a402cce912b274b596c&ttl=1692748800&v=1517219019
17 Sai Natsu - Seifuku no Jouji,Vol.01 Ch.012.5,3.79,https://www.mangahere.cc/manga/17_sai_natsu_seifuku_no_jouji/,https://fmcdn.mangahere.com/store/manga/1661/cover.jpg?token=4671dc366d9ad2ba52d704c919d27dd8d040bd8b&ttl=1692748800&v=1606341723
17 Sai no Hisoka na Yokujou,Vol.01 Ch.006,4.47,https://www.mangahere.cc/manga/17_sai_no_hisoka_na_yokujou/,https://fmcdn.mangahere.com/store/manga/4939/cover.jpg?token=12adecf9e76de406153b9b8b55e4f3666698a6c6&ttl=1692748800&v=1354154794
17 Sai no Mama,Vol.01 Ch.002,4.57,https://www.mangahere.cc/manga/17_sai_no_mama/,https://fmcdn.mangahere.com/store/manga/4958/cover.jpg?token=46f012c83bad28a16573a8fb2ab55c6cdaa14899&ttl=1692748800&v=1383813037
17 Sai no Real,Vol.01 Ch.001,4.59,https://www.mangahere.cc/manga/17_sai_no_real/,https://fmcdn.mangahere.com/store/manga/3930/cover.jpg?token=ec8694407c85c868cff6187df7c818b236c6e310&ttl=1692748800&v=1236217838
17 (SAKURAI Machiko),Vol.04 Ch.052,4.85,https://www.mangahere.cc/manga/17_sakurai_machiko/,https://fmcdn.mangahere.com/store/manga/6221/cover.jpg?token=a83429f1404288336c06beca7ceec210ba5f9c6e&ttl=1692748800&v=1666544229
17 Seito,Ch.013.5,4.0,https://www.mangahere.cc/manga/17_seito/,https://fmcdn.mangahere.com/store/manga/30867/cover.jpg?token=daa0b5699d83f1ed821254e9441c756c3a535f04&ttl=1692748800&v=1642422653
"17 Years Old, That Summer Day's Miracle",Ch.027,4.55,https://www.mangahere.cc/manga/17_years_old_that_summer_day_s_miracle/,https://fmcdn.mangahere.com/store/manga/12155/cover.jpg?token=0d3edeaec02f5ba77e93d0fd651916652435c77d&ttl=1692748800&v=1566896771
"@17 Years Old, We Start Living Together From Today!",Ch.055,0.0,https://www.mangahere.cc/manga/17_years_old_we_start_living_together_from_today/,https://fmcdn.mangahere.com/store/manga/32513/cover.jpg?token=92e7a01d53e585921c5ab2629aa758785877c565&ttl=1692748800&v=1691877423
18 Diary,Vol.01 Ch.003,4.59,https://www.mangahere.cc/manga/18_diary/,https://fmcdn.mangahere.com/store/manga/7549/cover.jpg?token=952faeb8731b629d77b03f9ef3ef6e86950d1d3b&ttl=1692748800&v=1354076221
18 Rin,Ch.003,4.67,https://www.mangahere.cc/manga/18_rin/,https://fmcdn.mangahere.com/store/manga/11182/cover.jpg?token=e699a28d3851be450cc659df28d7973c9a668b6f&ttl=1692748800&v=1385085363
18-Sai no Himitsu,Ch.030,4.86,https://www.mangahere.cc/manga/18_sai_no_himitsu/,https://fmcdn.mangahere.com/store/manga/26357/cover.jpg?token=da7709e9ef2b49a66d4a42c4137e2047408d5f6e&ttl=1692748800&v=1665534426
18-sai no Kodou,Vol.01 Ch.003,4.2,https://www.mangahere.cc/manga/18_sai_no_kodou/,https://fmcdn.mangahere.com/store/manga/3916/cover.jpg?token=f997c30910a711d2d12287274191318130210517&ttl=1692748800&v=1232833526
18 Unlimited,Ch.239,0.0,https://www.mangahere.cc/manga/18_unlimited/,https://fmcdn.mangahere.com/store/manga/39566/cover.jpg?token=df1e6c7c5a43eacdc314ed131c481e3d689ee9e1&ttl=1692748800&v=1621448900
"18 Years Old, We Got Married",Ch.006,4.87,https://www.mangahere.cc/manga/18_years_old_we_got_married/,https://fmcdn.mangahere.com/store/manga/8121/cover.jpg?token=15af7ff01ff90e9bec6aa202cdf83269024cbe43&ttl=1692748800&v=1545374443
197X,Vol.02 Ch.012,0.0,https://www.mangahere.cc/manga/197x/,https://fmcdn.mangahere.com/store/manga/6304/cover.jpg?token=cc6a3915124cbd967542d738940d337f0368a4bd&ttl=1692748800&v=1558605204
1980,Ch.000,4.0,https://www.mangahere.cc/manga/1980/,https://fmcdn.mangahere.com/store/manga/16453/cover.jpg?token=23c9fd139663b8b54ac527ea12cc9f1fafa0d94e&ttl=1692748800&v=1423449797
1999 Shanghai,Vol.04 Ch.017,4.63,https://www.mangahere.cc/manga/1999_shanghai/,https://fmcdn.mangahere.com/store/manga/2470/cover.jpg?token=33d6eec3d7c2d7364eeab7c29be68c651a1f5ed2&ttl=1692748800&v=1599144468
19 Days,Ch.432,4.93,https://www.mangahere.cc/manga/19_days/,https://fmcdn.mangahere.com/store/manga/15665/cover.jpg?token=f7a6bece3ceee132282fb9e51294303a36bfd7fe&ttl=1692748800&v=1692486187
19 Sai no Hisoka na Yabou,Vol.01 Ch.004,0.0,https://www.mangahere.cc/manga/19_sai_no_hisoka_na_yabou/,https://fmcdn.mangahere.com/store/manga/4319/cover.jpg?token=a8eafbb0d6bdc763b64e37859d66e5c44ae77c40&ttl=1692748800&v=1608636728
19th End Century Memorandum,Ch.032,4.89,https://www.mangahere.cc/manga/19th_end_century_memorandum/,https://fmcdn.mangahere.com/store/manga/24603/cover.jpg?token=a05861a1589f39de5ac2f450938a3bd5f8c4ab5c&ttl=1692748800&v=1615615702
1+1,Vol.01 Ch.004,4.51,https://www.mangahere.cc/manga/1_1/,https://fmcdn.mangahere.com/store/manga/6200/cover.jpg?token=d16270f9f230cf5bbc8da63af2799daf15e4e9f7&ttl=1692748800&v=1599775360
1/11,Ch.031,4.87,https://www.mangahere.cc/manga/1_11/,https://fmcdn.mangahere.com/store/manga/10509/cover.jpg?token=ea7e71347c01db6ec9ffd7dda406ebe88bd3bfc3&ttl=1692748800&v=1588797210
1/24 Romance,Ch.075,0.0,https://www.mangahere.cc/manga/1_24_romance/,https://fmcdn.mangahere.com/store/manga/35514/cover.jpg?token=b866a3fb53ee4b7a06d13c9ba7536cf0be18d849&ttl=1692748800&v=1659602587
1/2 Cigarette,Ch.006,4.63,https://www.mangahere.cc/manga/1_2_cigarette/,https://fmcdn.mangahere.com/store/manga/23791/cover.jpg?token=516e171cc3a8a387c9c30049f6183a6f328f6c57&ttl=1692748800&v=1512090276
1/2 Fairy!,Vol.01 Ch.003,3.67,https://www.mangahere.cc/manga/1_2_fairy/,https://fmcdn.mangahere.com/store/manga/1022/cover.jpg?token=8e34b612ce1ba9f596df6abe96859e4a7e887481&ttl=1692748800&v=1546444302
1/2 Love!,Ch.003.5,4.83,https://www.mangahere.cc/manga/1_2_love/,https://fmcdn.mangahere.com/store/manga/10181/cover.jpg?token=e7efe1f3181bb82b5d4f7cf14aa6166adea561a1&ttl=1692748800&v=1364179201
1/2 (MIYAWAKI Yukino),Ch.017,4.85,https://www.mangahere.cc/manga/1_2_miyawaki_yukino/,https://fmcdn.mangahere.com/store/manga/15106/cover.jpg?token=1390e196bc1dbdf46ede35717ecf7727f32fed5c&ttl=1692748800&v=1586273644
1/2 Prince,Vol.14 Ch.080,4.88,https://www.mangahere.cc/manga/1_2_prince/,https://fmcdn.mangahere.com/store/manga/1484/cover.jpg?token=b521e9d83f2738a3cf7ab1a4a896347a56fc3e09&ttl=1692748800&v=1601435823
1/2 Prince (Novel),Ch.080,0.0,https://www.mangahere.cc/manga/1_2_prince_novel/,https://fmcdn.mangahere.com/store/manga/36434/cover.jpg?token=7413340c65b1ad1cc82b55e041ecec67ad3709d0&ttl=1692748800&v=1651593807
1/365 no Koibito,Ch.004,4.74,https://www.mangahere.cc/manga/1_365_no_koibito/,https://fmcdn.mangahere.com/store/manga/28149/cover.jpg?token=4c12e15dbf60d6b4115dea20fa1fb43b7f61cb11&ttl=1692748800&v=1507606081
1/3 (CHIBA Kozue),Ch.004,0.0,https://www.mangahere.cc/manga/1_3_chiba_kozue/,https://fmcdn.mangahere.com/store/manga/29194/cover.jpg?token=3d9d082f08b9d30c233956c0c3159263e4fdee28&ttl=1692748800&v=1585113123
1/3 no Kareshi,Vol.01 Ch.000,4.74,https://www.mangahere.cc/manga/1_3_no_kareshi/,https://fmcdn.mangahere.com/store/manga/1105/cover.jpg?token=d5186e282a0d4bc080a14abbcce90cd56e3613ff&ttl=1692748800&v=1558598059
1/3 Romantica,Ch.005,4.76,https://www.mangahere.cc/manga/1_3_romantica/,https://fmcdn.mangahere.com/store/manga/9180/cover.jpg?token=1213f8e0ecf9d5e7f106d99160b5e0dc37660d88&ttl=1692748800&v=1345526039
1/4 x 1/2,Ch.016.5,0.0,https://www.mangahere.cc/manga/1_4_x_1_2/,https://fmcdn.mangahere.com/store/manga/32347/cover.jpg?token=47e26f171eca2d5c29670e9b7f8bae12209f5d32&ttl=1692748800&v=1643484871
1.5 Meters From Love,Ch.007,0.0,https://www.mangahere.cc/manga/1_5_meters_from_love/,https://fmcdn.mangahere.com/store/manga/35515/cover.jpg?token=fbc270c24d1e12eb058695f6b4d5ab99b5e431a0&ttl=1692748800&v=1595937583
1/6000 Honesty,Vol.02 Ch.013,4.4,https://www.mangahere.cc/manga/1_6000_honesty/,https://fmcdn.mangahere.com/store/manga/1126/cover.jpg?token=85a21a680413f604a270e1832135bd45c7183a48&ttl=1692748800&v=1547651241
1/6 Sadako in My Home,Ch.024,0.0,https://www.mangahere.cc/manga/1_6_sadako_in_my_home/,https://fmcdn.mangahere.com/store/manga/42488/cover.jpg?token=9c4e575fae0a14e4ba4471453bd21db96a3450cb&ttl=1692748800&v=1657465924
1/6 Yeochin,Ch.051,0.0,https://www.mangahere.cc/manga/1_6_yeochin/,https://fmcdn.mangahere.com/store/manga/39793/cover.jpg?token=12b686c7f68327f8a3babbab1e4a661696e7550e&ttl=1692748800&v=1625177283
1/8 Kanojo,Ch.040,0.0,https://www.mangahere.cc/manga/1_8_kanojo/,https://static.mangahere.cc/v202101061/mangahere/images/nopicture.jpg
1.8 Square Meter No Himegoto,Ch.004,4.29,https://www.mangahere.cc/manga/1_8_square_meter_no_himegoto/,https://fmcdn.mangahere.com/store/manga/9560/cover.jpg?token=0fd1c585e6329ce8a193cc2bc73552ab0ba6313d&ttl=1692748800&v=1454116857
1-en no Otoko,Ch.005.5,4.64,https://www.mangahere.cc/manga/1_en_no_otoko/,https://fmcdn.mangahere.com/store/manga/10856/cover.jpg?token=fc9549d94389570638dab53094314e02a4d1fbfa&ttl=1692748800&v=1481880486
1 Love 9,Ch.025,4.35,https://www.mangahere.cc/manga/1_love_9/,https://fmcdn.mangahere.com/store/manga/9982/cover.jpg?token=bffb865cf763ab8b7e8142c0780bfd1551f9b0ca&ttl=1692748800&v=1568606402
1-nen 5-kumi Ikimono Gakari,Ch.008,4.75,https://www.mangahere.cc/manga/1_nen_5_kumi_ikimono_gakari/,https://fmcdn.mangahere.com/store/manga/11557/cover.jpg?token=24e29f22687c4ca72381f697027b705809e313c8&ttl=1692748800&v=1389232921
1-nen A-gumi no Monster,Ch.055,4.93,https://www.mangahere.cc/manga/1_nen_a_gumi_no_monster/,https://fmcdn.mangahere.com/store/manga/29538/cover.jpg?token=bc3eedfbf87a0747c5f71b9933717350bed8edda&ttl=1692748800&v=1683713832
1 Plus 1,Ch.052,0.0,https://www.mangahere.cc/manga/1_plus_1/,https://fmcdn.mangahere.com/store/manga/41315/cover.jpg?token=bc86954f42b6006a94390e78926d57980ca584b4&ttl=1692748800&v=1648899698
1 Second (GwangUn),Ch.019,0.0,https://www.mangahere.cc/manga/1_second_gwangun/,https://fmcdn.mangahere.com/store/manga/34563/cover.jpg?token=a775927bee6e58505081627275b09923c368729f&ttl=1692748800&v=1596445720
1-Senchi yori mo chikaku,Ch.008,0.0,https://www.mangahere.cc/manga/1_senchi_yori_mo_chikaku/,https://fmcdn.mangahere.com/store/manga/38269/cover.jpg?token=a7f4b3ccd6f7953339fc1a25f87f58a8be5384a6&ttl=1692748800&v=1613209924
1 x 1/2,Ch.004,0.0,https://www.mangahere.cc/manga/1_x_1_2/,https://fmcdn.mangahere.com/store/manga/36907/cover.jpg?token=f0949bc7572719d5d19226af2bf0bf380ba4bdcd&ttl=1692748800&v=1602729137
1- (YUKIMICHI Ouji),Ch.001,5.0,https://www.mangahere.cc/manga/1_yukimichi_ouji/,https://fmcdn.mangahere.com/store/manga/25831/cover.jpg?token=858f6f1e22452231a613c614ae337136ec07c6dc&ttl=1692748800&v=1485062223
1K Apartment no Koi,Ch.006,4.69,https://www.mangahere.cc/manga/1k_apartment_no_koi/,https://fmcdn.mangahere.com/store/manga/11595/cover.jpg?token=37db67baf6fe2029f3281b0cf9c7a2c5c6acdd1e&ttl=1692748800&v=1344914161
1K no Ou-sama,Ch.006,0.0,https://www.mangahere.cc/manga/1k_no_ou_sama/,https://fmcdn.mangahere.com/store/manga/31422/cover.jpg?token=6e95bfbec19faf5fcaa0d7d60e1de822ef584f5d&ttl=1692748800&v=1601448438
1LDK Shitsuji,Ch.078,4.71,https://www.mangahere.cc/manga/1ldk_shitsuji/,https://fmcdn.mangahere.com/store/manga/15489/cover.jpg?token=f4f48288ca90c0f33437c98c48694bdf6e7a4454&ttl=1692748800&v=1687973223
1st Kiss,Ch.031,0.0,https://www.mangahere.cc/manga/1st_kiss/,https://fmcdn.mangahere.com/store/manga/38396/cover.jpg?token=5838fdc7f12ace6bd0a0094b9e1696ee7380fcd4&ttl=1692748800&v=1629883946
1st Year Max Level Manager,Ch.092,0.0,https://www.mangahere.cc/manga/1st_year_max_level_manager/,https://fmcdn.mangahere.com/store/manga/40095/cover.jpg?token=46fc7e81601ac93e6661b51c3fe344eff045be97&ttl=1692748800&v=1692111543
2001 + 5,Ch.011,4.09,https://www.mangahere.cc/manga/2001_5/,https://fmcdn.mangahere.com/store/manga/14284/cover.jpg?token=aa09dc45a0af0c1d7b31729b2bab72ba5946e9d2&ttl=1692748800&v=1389774473
2001 Nights,Vol.10 Ch.019,4.25,https://www.mangahere.cc/manga/2001_nights/,https://fmcdn.mangahere.com/store/manga/955/cover.jpg?token=d2af19a641bd57ff7ab055c317a101b663406917&ttl=1692748800&v=1599295624
2001 Seconds Time Trap,Vol.01 Ch.001,4.46,https://www.mangahere.cc/manga/2001_seconds_time_trap/,https://fmcdn.mangahere.com/store/manga/7171/cover.jpg?token=3ece5a2d6a04fa80936eba477a8af3a21f4d769c&ttl=1692748800&v=1586269954
200% Lilac,Ch.040,0.0,https://www.mangahere.cc/manga/200_lilac/,https://fmcdn.mangahere.com/store/manga/34771/cover.jpg?token=fa455d0b8e7536248ef388c6a6476c3a15805dfe&ttl=1692748800&v=1605295931
2011 Mystery Fragments,Ch.021,4.75,https://www.mangahere.cc/manga/2011_mystery_fragments/,https://fmcdn.mangahere.com/store/manga/14969/cover.jpg?token=833eed3e1acd48b55d543904f2853b72a91f9254&ttl=1692748800&v=1404356417
2013 - Dawn of the World,Ch.003.2,5.0,https://www.mangahere.cc/manga/2013_dawn_of_the_world/,https://fmcdn.mangahere.com/store/manga/30205/cover.jpg?token=af46800a2fa2ad2c11b0655f3c8a08ebe8ffaa1c&ttl=1692748800&v=1542265891
2015 - Space Series,Ch.014,4.67,https://www.mangahere.cc/manga/2015_space_series/,https://fmcdn.mangahere.com/store/manga/16709/cover.jpg?token=c1026b4c487b749fa081192be4fd4db0415a4684&ttl=1692748800&v=1432796222
20 Mensou ni Onegai!!,Vol.02 Ch.009,4.71,https://www.mangahere.cc/manga/20_mensou_ni_onegai/,https://fmcdn.mangahere.com/store/manga/2453/cover.jpg?token=d1d4948c59d0b68d21caf5d1dc2170aded57c24d&ttl=1692748800&v=1328767532
20 twenty,Ch.103,0.0,https://www.mangahere.cc/manga/20_twenty/,https://fmcdn.mangahere.com/store/manga/36678/cover.jpg?token=1144837d55b48b27bf4d5c5c2a1c2d8b03e416f5&ttl=1692748800&v=1617156454
20th Century Boys,Vol.22 Ch.013,4.82,https://www.mangahere.cc/manga/20th_century_boys/,https://fmcdn.mangahere.com/store/manga/11/cover.jpg?token=0c46b7bc0dfe9d8302084b3482d380bdf9694ab9&ttl=1692748800&v=1476695576
20XX.08,Ch.001,3.12,https://www.mangahere.cc/manga/20xx_08/,https://fmcdn.mangahere.com/store/manga/24865/cover.jpg?token=89bdeff3332f774c245abf13a0017c82534bc075&ttl=1692748800&v=1479784921
21st Century Boys,Ch.016,4.89,https://www.mangahere.cc/manga/21st_century_boys/,https://fmcdn.mangahere.com/store/manga/763/cover.jpg?token=54a61da92d5f29131131e4879b00d3a46bf1e2e8&ttl=1692748800&v=1480323739
22xx,Ch.001,4.43,https://www.mangahere.cc/manga/22xx/,https://fmcdn.mangahere.com/store/manga/4071/cover.jpg?token=f8c3e0dea10b59683df9bc4c638141089544b388&ttl=1692748800&v=1317361302
23:00,Vol.01 Ch.006,4.37,https://www.mangahere.cc/manga/23_00/,https://fmcdn.mangahere.com/store/manga/409/cover.jpg?token=142ab629709392c849274a534ba4ea6073c14f95&ttl=1692748800&v=1447902210
23:45,Ch.006.5,4.75,https://www.mangahere.cc/manga/23_45/,https://fmcdn.mangahere.com/store/manga/19897/cover.jpg?token=c8d7d18c8fe4dbe208789a34fd366d6b12604f78&ttl=1692748800&v=1486532823
23:45 Re:,Ch.004,4.8,https://www.mangahere.cc/manga/23_45_re/,https://fmcdn.mangahere.com/store/manga/26001/cover.jpg?token=09147a12e4abee3ddb25f5426d89e6c84ff427df&ttl=1692748800&v=1487556421
23-Wards Tokyo Majo,Ch.009,0.0,https://www.mangahere.cc/manga/23_wards_tokyo_majo/,https://fmcdn.mangahere.com/store/manga/35474/cover.jpg?token=5bfd61bff160e8f1e3b04918ed34fe6ffee004ba&ttl=1692748800&v=1598991427
"24, 25",Vol.01 Ch.000,3.65,https://www.mangahere.cc/manga/24_25/,https://fmcdn.mangahere.com/store/manga/3299/cover.jpg?token=e79fb8afe4203fbabc131ba0ce47723afeb30687&ttl=1692748800&v=1248059236
24 Bunui 1 Romance,Ch.156,0.0,https://www.mangahere.cc/manga/24_bunui_1_romance/,https://fmcdn.mangahere.com/store/manga/39246/cover.jpg?token=9a0f15ce491971c84a27becd132d4422d063ec44&ttl=1692748800&v=1690484595
24 Colors - Hatsukoi no Palette,Vol.01 Ch.005,4.88,https://www.mangahere.cc/manga/24_colors_hatsukoi_no_palette/,https://fmcdn.mangahere.com/store/manga/1236/cover.jpg?token=6ef3eef88ef60e2f797c9ba98d070b842e93d9f8&ttl=1692748800&v=1479975366
24 Jikan Eigyouchuu,Vol.01 Ch.008,4.87,https://www.mangahere.cc/manga/24_jikan_eigyouchuu/,https://fmcdn.mangahere.com/store/manga/6029/cover.jpg?token=3f516c02983d9048ef9829e1b8566cfc68fb801a&ttl=1692748800&v=1422509685
24 Jikan Kiss Dekinai,Vol.01 Ch.003,0.0,https://www.mangahere.cc/manga/24_jikan_kiss_dekinai/,https://fmcdn.mangahere.com/store/manga/4321/cover.jpg?token=0de3e57b6b17965a1ad95d34c4e63ee3a647c326&ttl=1692748800&v=1279271078
24 Jikan Renaichuu,Ch.001,4.71,https://www.mangahere.cc/manga/24_jikan_renaichuu/,https://fmcdn.mangahere.com/store/manga/11522/cover.jpg?token=5c34e4a1ed44b618082fbbef8cd6b4b4ea3eef4e&ttl=1692748800&v=1343896681
24-Ku no Hanakosan,Ch.022,0.0,https://www.mangahere.cc/manga/24_ku_no_hanakosan/,https://fmcdn.mangahere.com/store/manga/35226/cover.jpg?token=758a91716165be86e8f7eb222dcf39701c5494b8&ttl=1692748800&v=1678130597
25-ji no Ghost Writer,Ch.025,0.0,https://www.mangahere.cc/manga/25_ji_no_ghost_writer/,https://fmcdn.mangahere.com/store/manga/32725/cover.jpg?token=6952659bcbfdee2d6707f8e28e9258fbc39470ae&ttl=1692748800&v=1612353140
"25ji, Akasaka de",Ch.001,0.0,https://www.mangahere.cc/manga/25ji_akasaka_de/,https://fmcdn.mangahere.com/store/manga/31672/cover.jpg?token=61755dbf90ed2fad60c8a284910a72b05fb0352f&ttl=1692748800&v=1551250684
27-ji ni Koi wo Sasayaite,Vol.01 Ch.027,4.62,https://www.mangahere.cc/manga/27_ji_ni_koi_wo_sasayaite/,https://fmcdn.mangahere.com/store/manga/5924/cover.jpg?token=7b950648a634f6b50e4213a66b3f71fce5b69a33&ttl=1692748800&v=1429521713
"27-Sai - Atashi, Koi ga, Shitai",Ch.001,4.45,https://www.mangahere.cc/manga/27_sai_atashi_koi_ga_shitai/,https://fmcdn.mangahere.com/store/manga/11946/cover.jpg?token=96e12abe1df2c6d3ab14efe5dcac428803504c8b&ttl=1692748800&v=1547823745
29-sai Dokushin Chuuken Boukensha no Nichijou,Vol.01 Ch.039,4.95,https://www.mangahere.cc/manga/29_sai_dokushin_chuuken_boukensha_no_nichijou/,https://fmcdn.mangahere.com/store/manga/28079/cover.jpg?token=d4ac90f07bd529d455c410d819b962ce55c2feda&ttl=1692748800&v=1643154509
29-sai Dokushin wa Isekai de Jiyuu ni Ikita......katta.,Ch.027,0.0,https://www.mangahere.cc/manga/29_sai_dokushin_wa_isekai_de_jiyuu_ni_ikita_katta/,https://fmcdn.mangahere.com/store/manga/32100/cover.jpg?token=7af5afee5f2e3902717a3da2a04ccf8b8fd368fa&ttl=1692748800&v=1660575763
29-sai Hitorimi Chuuken Boukensha no Nichijou,Ch.001,4.67,https://www.mangahere.cc/manga/29_sai_hitorimi_chuuken_boukensha_no_nichijou/,https://fmcdn.mangahere.com/store/manga/21641/cover.jpg?token=1b4c039aeedffe05eade282ce102cab42c8f434c&ttl=1692748800&v=1594046587
29 to JK,Ch.029,4.87,https://www.mangahere.cc/manga/29_to_jk/,https://fmcdn.mangahere.com/store/manga/29360/cover.jpg?token=97cc56bbbc814c8ce26e2a62619cc1a9155b618a&ttl=1692748800&v=1597934825
2-14 Jiken,Vol.01 Ch.005,0.0,https://www.mangahere.cc/manga/2_14_jiken/,https://fmcdn.mangahere.com/store/manga/4134/cover.jpg?token=7ed7a5bbc1c961737c237be99b3617fcaaed234b&ttl=1692748800&v=1289182951
2.5 Jigen Kareshi,Ch.008,4.9,https://www.mangahere.cc/manga/2_5_jigen_kareshi/,https://fmcdn.mangahere.com/store/manga/16443/cover.jpg?token=a6124f025d849d19deca2f9374cd014f9690d2f4&ttl=1692748800&v=1436412129
2.5D Seduction,Ch.100,0.0,https://www.mangahere.cc/manga/2_5d_seduction/,https://fmcdn.mangahere.com/store/manga/32760/cover.jpg?token=7e7e5b2522387e14d1a9ec2a6f84a5d617eda575&ttl=1692748800&v=1691093249
2-dome no Koi no Hajimari wa,Ch.028,4.7,https://www.mangahere.cc/manga/2_dome_no_koi_no_hajimari_wa/,https://fmcdn.mangahere.com/store/manga/12703/cover.jpg?token=ace35723b252e4c1bc5d27a2dd517280035ccad1&ttl=1692748800&v=1681344469
2 Dome No Koi Wa Usotsuki,Ch.010,4.76,https://www.mangahere.cc/manga/2_dome_no_koi_wa_usotsuki/,https://fmcdn.mangahere.com/store/manga/10154/cover.jpg?token=c8ce203cc87da8c849fd179282bdbc3f72e20a48&ttl=1692748800&v=1662268351
2 Kaime No Hajimete No Koi,Ch.000,4.47,https://www.mangahere.cc/manga/2_kaime_no_hajimete_no_koi/,https://fmcdn.mangahere.com/store/manga/9093/cover.jpg?token=f3c8c01ae8415ef41b66f03b84c6e8022c6b44e5&ttl=1692748800&v=1298197368
2 People (Wonder),Ch.010,0.0,https://www.mangahere.cc/manga/2_people_wonder/,https://fmcdn.mangahere.com/store/manga/35454/cover.jpg?token=ab143fd406956aac17e52b82963b22f809a6dfa0&ttl=1692748800&v=1599457624
2 Shuukan no Adventure,Vol.01 Ch.006,3.1,https://www.mangahere.cc/manga/2_shuukan_no_adventure/,https://fmcdn.mangahere.com/store/manga/11589/cover.jpg?token=66eeaa2d2a1494700ef1a1f46adb2e1f313fe0c0&ttl=1692748800&v=1359930121
2 Ways For Lovers,Ch.315,0.0,https://www.mangahere.cc/manga/2_ways_for_lovers/,https://fmcdn.mangahere.com/store/manga/39564/cover.jpg?token=6ad397c718f69ae8546861859ba7999fa14f6a68&ttl=1692748800&v=1689141131
2 X 2,Ch.003,0.0,https://www.mangahere.cc/manga/2_x_2/,https://static.mangahere.cc/v202101061/mangahere/images/nopicture.jpg
2 x Bone,Ch.002,4.59,https://www.mangahere.cc/manga/2_x_bone/,https://fmcdn.mangahere.com/store/manga/12863/cover.jpg?token=7918349d69e5ceff9c5f4497c7df27eb71b2e6c2&ttl=1692748800&v=1371448981
2B B-Boy Badboy,Ch.003,0.0,https://www.mangahere.cc/manga/2b_b_boy_badboy/,https://fmcdn.mangahere.com/store/manga/36388/cover.jpg?token=0e05fb9a72a84197c94c0b526096b57aedeecee0&ttl=1692748800&v=1609132443
2D Nonsense After School!,Ch.009,4.62,https://www.mangahere.cc/manga/2d_nonsense_after_school/,https://fmcdn.mangahere.com/store/manga/28829/cover.jpg?token=23317c4f49f75b7c7d784fc4e6cd16f67927eb85&ttl=1692748800&v=1513986454
2D Partner,Ch.057,0.0,https://www.mangahere.cc/manga/2d_partner/,https://fmcdn.mangahere.com/store/manga/34923/cover.jpg?token=23f814cc9257e4a429b34c5d7f4ba20e93a3b0ba&ttl=1692748800&v=1682037449
"2DK, G Pen, Mezamashi Tokei.",Ch.035.5,5.0,https://www.mangahere.cc/manga/2dk_g_pen_mezamashi_tokei/,https://fmcdn.mangahere.com/store/manga/23529/cover.jpg?token=1adb42906995f08fec7e2a75ec7afaedc2414624&ttl=1692748800&v=1679007440
2gether the Series,Ch.062,0.0,https://www.mangahere.cc/manga/2gether_the_series/,https://fmcdn.mangahere.com/store/manga/43032/cover.jpg?token=dddad9f1236fd32bd5deb87919489c9ced601495&ttl=1692748800&v=1678783957
2LDK IKEMEN Tsuki Bukken Arimasu.,Ch.074,0.0,https://www.mangahere.cc/manga/2ldk_ikemen_tsuki_bukken_arimasu/,https://fmcdn.mangahere.com/store/manga/40970/cover.jpg?token=16c986654161b3cd06162371967897c4ffbd8c36&ttl=1692748800&v=1646616731
2LJK,Ch.007,0.0,https://www.mangahere.cc/manga/2ljk/,https://fmcdn.mangahere.com/store/manga/33295/cover.jpg?token=bb9a932fe19622c6afdf3cafff38b1e809467938&ttl=1692748800&v=1644328629
2nd Period Health & PE,Ch.001,5.0,https://www.mangahere.cc/manga/2nd_period_health_pe/,https://fmcdn.mangahere.com/store/manga/26855/cover.jpg?token=dda7adb24ab6293cbb0649869c7dd1cd8c2c3948&ttl=1692748800&v=1491449906
2x2=Shinobuden,Vol.01 Ch.004,4.38,https://www.mangahere.cc/manga/2x2_shinobuden/,https://fmcdn.mangahere.com/store/manga/405/cover.jpg?token=a1ece352f92ef188a9b395d9f0672c72ceeffe1f&ttl=1692748800&v=1548323869
2x8 Song,Vol.02 Ch.013,4.42,https://www.mangahere.cc/manga/2x8_song/,https://fmcdn.mangahere.com/store/manga/410/cover.jpg?token=4e0746f9876719a62f3c06070e5f7563b52c4fd8&ttl=1692748800&v=1232835984
300 Beats Per Second,Ch.009,4.0,https://www.mangahere.cc/manga/300_beats_per_second/,https://fmcdn.mangahere.com/store/manga/29688/cover.jpg?token=00b0d8e2fee788d9e92cf0b6f98e12ba4bb79308&ttl=1692748800&v=1534159022
304th Study Room,Ch.001,4.64,https://www.mangahere.cc/manga/304th_study_room/,https://fmcdn.mangahere.com/store/manga/22407/cover.jpg?token=7044223a3700a70d489e7594c0ab3a65fd67f4bd&ttl=1692748800&v=1545730437
30 Days With You,Ch.018,3.75,https://www.mangahere.cc/manga/30_days_with_you/,https://fmcdn.mangahere.com/store/manga/29097/cover.jpg?token=ec0942c98fa8b94bf29cffe12a1ddfbfc9b2778b&ttl=1692748800&v=1545121754
30 Minute Walk,Ch.082,3.0,https://www.mangahere.cc/manga/30_minute_walk/,https://fmcdn.mangahere.com/store/manga/29436/cover.jpg?token=685c1eb9b2007bcb53f27c761102810419b0ada4&ttl=1692748800&v=1649364124
30-sai made Doutei de Itara Mahou Shoujo ni Narimashita,Ch.037,0.0,https://www.mangahere.cc/manga/30_sai_made_doutei_de_itara_mahou_shoujo_ni_narimashita/,https://fmcdn.mangahere.com/store/manga/34750/cover.jpg?token=0e5bb14204dd0b2b1e388c1d02418cea44b5ef91&ttl=1692748800&v=1650403042
30-sai no Hoken Taiiku,Ch.005,4.78,https://www.mangahere.cc/manga/30_sai_no_hoken_taiiku/,https://fmcdn.mangahere.com/store/manga/13445/cover.jpg?token=2fbd06784fd4019584489cd99e4190c9f645da2e&ttl=1692748800&v=1374702121
30-sai no Hoken Taiiku: Love Flag Hen,Ch.005,4.45,https://www.mangahere.cc/manga/30_sai_no_hoken_taiiku_love_flag_hen/,https://fmcdn.mangahere.com/store/manga/13443/cover.jpg?token=bdf9eff71400d1ab554a065de9c36e4c3b2cde1c&ttl=1692748800&v=1374669721
"30-sai, Shojo OL",Ch.001,4.52,https://www.mangahere.cc/manga/30_sai_shojo_ol/,https://fmcdn.mangahere.com/store/manga/14527/cover.jpg?token=39e3e75fd48956c9cd8af40db197fc8eb04e5d79&ttl=1692748800&v=1394515611
31 Ai Dream,Ch.006,4.77,https://www.mangahere.cc/manga/31_ai_dream/,https://fmcdn.mangahere.com/store/manga/14637/cover.jpg?token=a7ef266d39686ff80b84c534c235e16f795bb9e1&ttl=1692748800&v=1531127521
31 Heroes,Ch.001,4.64,https://www.mangahere.cc/manga/31_heroes/,https://fmcdn.mangahere.com/store/manga/14292/cover.jpg?token=0c0bfc7862f3e013ff445addf32a7345403291b7&ttl=1692748800&v=1389841981
337 Byooshi,Ch.083,0.0,https://www.mangahere.cc/manga/337_byooshi/,https://static.mangahere.cc/v202101061/mangahere/images/nopicture.jpg
33 Sai Dokushin Onna Kishi Taichou.,Ch.001,4.17,https://www.mangahere.cc/manga/33_sai_dokushin_onna_kishi_taichou/,https://fmcdn.mangahere.com/store/manga/26499/cover.jpg?token=d967da5fbde3b536d8b4aef24a245d626b1e0992&ttl=1692748800&v=1545893019
340 Days,Ch.071,0.0,https://www.mangahere.cc/manga/340_days/,https://fmcdn.mangahere.com/store/manga/39419/cover.jpg?token=77a546342c17a8508d5291d99860ad7ed2bbefa2&ttl=1692748800&v=1623815604
341 Sentoudan,Ch.006,0.0,https://www.mangahere.cc/manga/341_sentoudan/,https://fmcdn.mangahere.com/store/manga/32560/cover.jpg?token=b669aa3c713ed2122fad442398c83d2fa846a61b&ttl=1692748800&v=1671053229
34-sai Mushoku-san,Ch.100,4.7,https://www.mangahere.cc/manga/34_sai_mushoku_san/,https://fmcdn.mangahere.com/store/manga/13078/cover.jpg?token=3f78ae0ed8a79a6cee98914cbbbc83a7df47c998&ttl=1692748800&v=1568354199
35 Do no Ren'ai Netsu,Vol.01 Ch.006,0.0,https://www.mangahere.cc/manga/35_do_no_ren_ai_netsu/,https://fmcdn.mangahere.com/store/manga/4113/cover.jpg?token=5e194634a562619c0b94f650eba6bdc8452dd60b&ttl=1692748800&v=1289182951
360 Degrees Material,Ch.032,4.88,https://www.mangahere.cc/manga/360_degrees_material/,https://fmcdn.mangahere.com/store/manga/9642/cover.jpg?token=98c13301a7f343d3ecba100b29b889dea14448fd&ttl=1692748800&v=1462513781
365 Ho no Yuuki!!!,Ch.365,4.79,https://www.mangahere.cc/manga/365_ho_no_yuuki/,https://fmcdn.mangahere.com/store/manga/14875/cover.jpg?token=7bdac0b6fdc75d1e995a3ef44de1046a5fe2c771&ttl=1692748800&v=1419412621
36 Degrees Rebellion,Vol.01 Ch.001,4.46,https://www.mangahere.cc/manga/36_degrees_rebellion/,https://fmcdn.mangahere.com/store/manga/951/cover.jpg?token=50f08fd0170429306ace764038ee677c17b57fe0&ttl=1692748800&v=1232836439
3737,Ch.017,0.0,https://www.mangahere.cc/manga/3737/,https://fmcdn.mangahere.com/store/manga/25659/cover.jpg?token=82d18f6c918fd10a6465a2a7090d995ad4359314&ttl=1692748800&v=1647824587
37°C no Boyfriend,Vol.01 Ch.005,4.5,https://www.mangahere.cc/manga/37_c_no_boyfriend/,https://fmcdn.mangahere.com/store/manga/4982/cover.jpg?token=50a9d449af264412f7b18628250de222dfee85bf&ttl=1692748800&v=1564713421
37 Degrees C Spirits,Ch.004,4.14,https://www.mangahere.cc/manga/37_degrees_c_spirits/,https://fmcdn.mangahere.com/store/manga/28537/cover.jpg?token=f0b7623a33f1d1e8c09cb23b27cde390e1978473&ttl=1692748800&v=1546525917
37 Degrees Kiss,Ch.019,4.56,https://www.mangahere.cc/manga/37_degrees_kiss/,https://fmcdn.mangahere.com/store/manga/8660/cover.jpg?token=84d46f88fef0259cafdc8d71b3cc99fb39acce6c&ttl=1692748800&v=1364051822
37℃ Kiss,Vol.01 Ch.005,4.43,https://www.mangahere.cc/manga/37_kiss/,https://fmcdn.mangahere.com/store/manga/952/cover.jpg?token=7c0deb8a3b675126c9b34482f333844b7fe22135&ttl=1692748800&v=1259058444
38°C,Vol.01 Ch.005,4.2,https://www.mangahere.cc/manga/38_c/,https://fmcdn.mangahere.com/store/manga/2215/cover.jpg?token=215a19bb1c55d2e7016b772619d3bc2f2fc4d738&ttl=1692748800&v=1232836659
38cm,Ch.001,4.67,https://www.mangahere.cc/manga/38cm/,https://fmcdn.mangahere.com/store/manga/27619/cover.jpg?token=bd9e252c2435d8af068eb55f71369ee2a2c9a755&ttl=1692748800&v=1516079655
3.11 o Wasurenai Tame ni - Heroes Comeback,Ch.005,0.0,https://www.mangahere.cc/manga/3_11_o_wasurenai_tame_ni_heroes_comeback/,https://fmcdn.mangahere.com/store/manga/37884/cover.jpg?token=328370e2fc992e7488771e02479ea87ede904418&ttl=1692748800&v=1607497927
3.3.7 Byooshi,Vol.08 Ch.086,4.74,https://www.mangahere.cc/manga/3_3_7_byooshi/,https://fmcdn.mangahere.com/store/manga/411/cover.jpg?token=b489175596f76a6d9b1339dc2d8fd8643e0123ea&ttl=1692748800&v=1449041811
3 AM Dangerous Zone,Vol.01 Ch.002,4.88,https://www.mangahere.cc/manga/3_am_dangerous_zone/,https://fmcdn.mangahere.com/store/manga/7439/cover.jpg?token=ef77da13f7843de14a433273318f2c443ede0824&ttl=1692748800&v=1603957843
3 Ban Sen no Campanella,Ch.006,5.0,https://www.mangahere.cc/manga/3_ban_sen_no_campanella/,https://fmcdn.mangahere.com/store/manga/30423/cover.jpg?token=28e4969be1a00a70e2ef2fc7479ea506cc7fdc57&ttl=1692748800&v=1567562418
3 Banme No Kareshi,Ch.001,4.83,https://www.mangahere.cc/manga/3_banme_no_kareshi/,https://fmcdn.mangahere.com/store/manga/10386/cover.jpg?token=42364c95084c7219d7ba2413dae935ea60e33b7d&ttl=1692748800&v=1325322165
"3-byou, Sude ni Koi",Ch.001,0.0,https://www.mangahere.cc/manga/3_byou_sude_ni_koi/,https://fmcdn.mangahere.com/store/manga/27251/cover.jpg?token=aea7ebcfb20e4c4888a641da572740ed563de246&ttl=1692748800&v=1494559921
3-gatsu no Dai-2 Button,Ch.007,4.4,https://www.mangahere.cc/manga/3_gatsu_no_dai_2_button/,https://fmcdn.mangahere.com/store/manga/12453/cover.jpg?token=a43c32915ec3f61dee9964e67edde2f5a40ccaef&ttl=1692748800&v=1614701229
3 Gatsu No Lion,Vol.05 Ch.127,4.76,https://www.mangahere.cc/manga/3_gatsu_no_lion/,https://fmcdn.mangahere.com/store/manga/8530/cover.jpg?token=3e161773b7250adc2596213cd1bad91a9f281d25&ttl=1692748800&v=1551341650
3-gatsu no Lion Shouwa Ibun - Shakunetsu no Jidai,Ch.045,0.0,https://www.mangahere.cc/manga/3_gatsu_no_lion_shouwa_ibun_shakunetsu_no_jidai/,https://fmcdn.mangahere.com/store/manga/33917/cover.jpg?token=808955c041aed1d5740dd9dfed97abcd50f5aeff&ttl=1692748800&v=1646589831
3 Hearts,Ch.000,4.66,https://www.mangahere.cc/manga/3_hearts/,https://fmcdn.mangahere.com/store/manga/9475/cover.jpg?token=b9e7c160a11562c2695b0bceb4b2ea00cdfd73ed&ttl=1692748800&v=1306473232
3 Level Combination,Ch.026,4.65,https://www.mangahere.cc/manga/3_level_combination/,https://fmcdn.mangahere.com/store/manga/9111/cover.jpg?token=261d5959759b5d545b0348465035d99db87e9289&ttl=1692748800&v=1376299836
3-manen no Kareshi,Ch.006,4.83,https://www.mangahere.cc/manga/3_manen_no_kareshi/,https://fmcdn.mangahere.com/store/manga/16087/cover.jpg?token=7f80d37898e94dffeb9f0d8cb38ead8c16a9788d&ttl=1692748800&v=1544691288
3-nen Kimengumi,Ch.072,4.71,https://www.mangahere.cc/manga/3_nen_kimengumi/,https://fmcdn.mangahere.com/store/manga/19763/cover.jpg?token=d2b571da5443df7605294806b20eb06b89decdef&ttl=1692748800&v=1526407992
3-pun Instant no Chinmoku,Ch.006,4.15,https://www.mangahere.cc/manga/3_pun_instant_no_chinmoku/,https://fmcdn.mangahere.com/store/manga/26947/cover.jpg?token=67d566ea56a3d411f8fb8299192ac49230169c95&ttl=1692748800&v=1495078021
3-Second Strip,Ch.503,3.58,https://www.mangahere.cc/manga/3_second_strip/,https://fmcdn.mangahere.com/store/manga/16205/cover.jpg?token=5caffc3ef93232ef472c01bb2b5ed8a2c8f6ea7d&ttl=1692748800&v=1547651419
"3, Street of Mysteries",Ch.018,4.6,https://www.mangahere.cc/manga/3_street_of_mysteries/,https://fmcdn.mangahere.com/store/manga/12660/cover.jpg?token=730f86562b71c9af44cf6b8118b00b954b2db9ba&ttl=1692748800&v=1398730322
3 Years,Vol.01 Ch.004,4.34,https://www.mangahere.cc/manga/3_years/,https://fmcdn.mangahere.com/store/manga/943/cover.jpg?token=6b01be12186b43a9bb925d66d27cb7ecd45d6d44&ttl=1692748800&v=1545903910
3CM Hunter,Ch.111,0.0,https://www.mangahere.cc/manga/3cm_hunter/,https://fmcdn.mangahere.com/store/manga/35202/cover.jpg?token=90565a5e5d47773b61847f197923a61796a5e4aa&ttl=1692748800&v=1645771046
3D Kanojo,Ch.047.5,4.8,https://www.mangahere.cc/manga/3d_kanojo/,https://fmcdn.mangahere.com/store/manga/12959/cover.jpg?token=a0a340460ca3d4a4b705d11b7a7f82e070673a68&ttl=1692748800&v=1531561021
3D Material,Vol.01 Ch.006,2.93,https://www.mangahere.cc/manga/3d_material/,https://fmcdn.mangahere.com/store/manga/2604/cover.jpg?token=820bc2242bb5bea8b5e207243661b750fbbb2822&ttl=1692748800&v=1291180803
"3P, Hajimemashita!",Ch.001,3.73,https://www.mangahere.cc/manga/3p_hajimemashita/,https://fmcdn.mangahere.com/store/manga/19569/cover.jpg?token=21635504d73a71a7858d8c29eb14968c452fcd81&ttl=1692748800&v=1445572321
3Q love stories,Ch.007,5.0,https://www.mangahere.cc/manga/3q_love_stories/,https://fmcdn.mangahere.com/store/manga/30917/cover.jpg?token=b45bdcd6983cad62a0e6922417f66ce065328938&ttl=1692748800&v=1545026836
3x3 Eyes,Vol.40 Ch.009,4.67,https://www.mangahere.cc/manga/3x3_eyes/,https://fmcdn.mangahere.com/store/manga/89/cover.jpg?token=966b9b4ae33212da2e430558edac95d9808d7772&ttl=1692748800&v=1473494128
404 Case Manual: 30 Seconds Till Apocalypse,Ch.126,0.0,https://www.mangahere.cc/manga/404_case_manual_30_seconds_till_apocalypse/,https://fmcdn.mangahere.com/store/manga/41832/cover.jpg?token=270a279e23a0ba99064ee2ca11f9bbfcad600ec8&ttl=1692748800&v=1669874883
40 x 40 Chikuwa Kaigi,Ch.007.1,0.0,https://www.mangahere.cc/manga/40_x_40_chikuwa_kaigi/,https://fmcdn.mangahere.com/store/manga/33714/cover.jpg?token=aaae712f9dd60741c5063ae3ab66120cbeaf0d6b&ttl=1692748800&v=1609474624
"45-sai, Oji-sama wa Bukiyou na Kemono.",Ch.014,0.0,https://www.mangahere.cc/manga/45_sai_oji_sama_wa_bukiyou_na_kemono/,https://fmcdn.mangahere.com/store/manga/40961/cover.jpg?token=46aa1e4f130eb0578c5bc3ab8fc1937f763edeb6&ttl=1692748800&v=1643041179
48 Hours a Day,Ch.068,0.0,https://www.mangahere.cc/manga/48_hours_a_day/,https://fmcdn.mangahere.com/store/manga/42578/cover.jpg?token=4f88555900bb1032c317e67db9604c2c41d2d4d7&ttl=1692748800&v=1687372022
49,Ch.001,4.86,https://www.mangahere.cc/manga/49/,https://fmcdn.mangahere.com/store/manga/12852/cover.jpg?token=4fbc6be6142464f41c4c581d486fa392d24ca212&ttl=1692748800&v=1365657831
4-ban no Takkyuu,Ch.001,4.86,https://www.mangahere.cc/manga/4_ban_no_takkyuu/,https://fmcdn.mangahere.com/store/manga/14716/cover.jpg?token=4ee5fa267b50e731677728a4d5b24b2b5de7cd36&ttl=1692748800&v=1398734180
4-ban Sado,Ch.001,5.0,https://www.mangahere.cc/manga/4_ban_sado/,https://fmcdn.mangahere.com/store/manga/29140/cover.jpg?token=83b138ff016f0765cc190103875018e1352533ba&ttl=1692748800&v=1515034916
4 Cut Hero,Ch.209,4.94,https://www.mangahere.cc/manga/4_cut_hero/,https://fmcdn.mangahere.com/store/manga/18249/cover.jpg?token=c8792e1b4bfbc6e3acb4c152f506e29a3929b30b&ttl=1692748800&v=1692271132
4-gatsu no Hina,Ch.001,4.44,https://www.mangahere.cc/manga/4_gatsu_no_hina/,https://fmcdn.mangahere.com/store/manga/12128/cover.jpg?token=13b9d4116602956cf19cf6897129786f6dc59ef9&ttl=1692748800&v=1559116717
"4-gatsu no Kimi, Spica.",Ch.015,4.79,https://www.mangahere.cc/manga/4_gatsu_no_kimi_spica/,https://fmcdn.mangahere.com/store/manga/17329/cover.jpg?token=cd63989322a8ec11e88dad36cd6ecd3e43376997&ttl=1692748800&v=1592547487
4 God Ranger,Ch.015,4.75,https://www.mangahere.cc/manga/4_god_ranger/,https://fmcdn.mangahere.com/store/manga/15070/cover.jpg?token=595b1f9a83c2300a69e2b22c54769000644d5aab&ttl=1692748800&v=1454137321
4 Goushitsu no Atelier,Ch.003,4.72,https://www.mangahere.cc/manga/4_goushitsu_no_atelier/,https://fmcdn.mangahere.com/store/manga/15167/cover.jpg?token=e55aaedf900d5616144dcb12be049a13675ced75&ttl=1692748800&v=1646213797
4-koma Koushiki Anthology - Toaru Kagaku no Railgun x Toaru Majutsu no Index,Ch.178,4.33,https://www.mangahere.cc/manga/4_koma_koushiki_anthology_toaru_kagaku_no_railgun_x_toaru_majutsu_no_index/,https://fmcdn.mangahere.com/store/manga/20951/cover.jpg?token=cb35d525c45265cd3b95a44c0451868debfecdfc&ttl=1692748800&v=1673745522
4-Koma Starlight,Ch.040.5,5.0,https://www.mangahere.cc/manga/4_koma_starlight/,https://fmcdn.mangahere.com/store/manga/30032/cover.jpg?token=b54e410e9b17a98680e3b3f5dd2a7675fe334fff&ttl=1692748800&v=1643151840
4 Panel Theater!,Ch.001,3.6,https://www.mangahere.cc/manga/4_panel_theater/,https://fmcdn.mangahere.com/store/manga/20607/cover.jpg?token=ea5602062564804ce78332a08913463c23861a56&ttl=1692748800&v=1451961721
4 Rang,Ch.002.2,3.29,https://www.mangahere.cc/manga/4_rang/,https://fmcdn.mangahere.com/store/manga/13944/cover.jpg?token=40c5db4ee5f6ca2f3636eac31e34d545c876db32&ttl=1692748800&v=1558969829
4 Week Lovers,Ch.026,0.0,https://www.mangahere.cc/manga/4_week_lovers/,https://fmcdn.mangahere.com/store/manga/37085/cover.jpg?token=e4dc72070e5c5dbb7f0664763fa5ac0821611276&ttl=1692748800&v=1691656933
4shi Mitarai Dango Collection,Ch.004,0.0,https://www.mangahere.cc/manga/4shi_mitarai_dango_collection/,https://fmcdn.mangahere.com/store/manga/33454/cover.jpg?token=b48f2cc9dc9eaf781a467ff0ba773780193a52dd&ttl=1692748800&v=1572354908
5000,Ch.001,3.35,https://www.mangahere.cc/manga/5000/,https://fmcdn.mangahere.com/store/manga/11782/cover.jpg?token=a93161eaa749394d2ef37e7db6c644f633f954e8&ttl=1692748800&v=1348711321
5001-nen Yakuza Wars,Ch.008,2.8,https://www.mangahere.cc/manga/5001_nen_yakuza_wars/,https://fmcdn.mangahere.com/store/manga/24515/cover.jpg?token=9035136f3d4e28a9b558a5fd82bb85d79aa16945&ttl=1692748800&v=1481613581
500 Mile,Ch.001,4.8,https://www.mangahere.cc/manga/500_mile/,https://fmcdn.mangahere.com/store/manga/6991/cover.jpg?token=28eb319d7c229761aacc1b45588085a95874b249&ttl=1692748800&v=1261411667
500-Nen no Itonami,Ch.005.5,4.59,https://www.mangahere.cc/manga/500_nen_no_itonami/,https://fmcdn.mangahere.com/store/manga/19273/cover.jpg?token=e790130ef0a3c10044efc0ec2e8e326e174ca45a&ttl=1692748800&v=1446781539
500-Nen no Itonami dj - 500-Nen-go,Ch.001,5.0,https://www.mangahere.cc/manga/500_nen_no_itonami_dj_500_nen_go/,https://fmcdn.mangahere.com/store/manga/24193/cover.jpg?token=ad52c7bf9eb008b81c8cf165d357ca24595954d6&ttl=1692748800&v=1475907124
